"skill","intent","example"
"date-time","date.future.weekend.intent","¿cuánto falta para el finde?"
"date-time","date.future.weekend.intent","¿en qué cae el fin de semana?"
"date-time","date.future.weekend.intent","Dime las fechas del próximo fin de semana"
"date-time","date.future.weekend.intent","El finde siguiente, ¿será junio?"
"date-time","date.future.weekend.intent","¿cuántos días quedan para el fin de semana?"
"date-time","date.future.weekend.intent","El fin de semana que viene, ¿qué día será?"
"date-time","date.future.weekend.intent","¿ya casi es fin de semana?"
"date-time","date.future.weekend.intent","¿qué día empieza el finde?"
"date-time","date.future.weekend.intent","¿cuántas horas quedan para el finde?"
"date-time","date.future.weekend.intent","dime que ya huele a finde"
"date-time","date.future.weekend.intent","¿cuándo comienza oficialmente el fin de semana?"
"date-time","date.future.weekend.intent","¿qué días son el próximo fin de semana?"
"date-time","date.future.weekend.intent","¿me puedes decir el próximo finde?"
"date-time","date.future.weekend.intent","¿que días forman el finde que viene?"
"date-time","date.future.weekend.intent","¿qué días salen al calendario como próximo finde?"
"date-time","date.future.weekend.intent","necesito saber cuándo queda para el próximo finde porque me estoy volviendo loco con el trabajo"
"date-time","date.future.weekend.intent","¿cuántos días faltan para el fin de semana?"
"date-time","date.future.weekend.intent","¿qué falta para el finde?"
"date-time","date.future.weekend.intent","¿cuánto queda para el finde?"
"date-time","date.future.weekend.intent","podrías decirme cuándo llegara el fin de semana"
"date-time","date.future.weekend.intent","¿cuál es la fecha del próximo finde?"
"date-time","date.last.weekend.intent","¿cuándo fue el último fin de semana?"
"date-time","date.last.weekend.intent","Dime las fechas del anterior fin de semana"
"date-time","date.last.weekend.intent","El finde pasado, ¿en qué cayó?"
"date-time","date.last.weekend.intent","¿cuántos días han pasado desde el fin de semana pasado?"
"date-time","date.last.weekend.intent","¿en qué mes y número cayó el finde anterior?"
"date-time","date.last.weekend.intent","¿sabes qué días fueron el último fin de semana?"
"date-time","date.last.weekend.intent","haz memoria: ¿cuándo se acabó el último finde?"
"date-time","date.last.weekend.intent","¿en qué fechas se dio el último finde?"
"date-time","date.last.weekend.intent","recuérdame cuándo fue el último domingo"
"date-time","date.last.weekend.intent","quiero saber cuándo finalizó el último fin de semana"
"date-time","date.last.weekend.intent","una duda: ¿cuándo fue el último finde?"
"date-time","date.last.weekend.intent","¿qué fechas eran el último fin de semana?"
"date-time","date.last.weekend.intent","¿el último finde cuándo fue que no me acuerdo ya?"
"date-time","date.last.weekend.intent","ostras no recuerdo las fechas del último finde, ¿me las podrías recordar?"
"date-time","date.last.weekend.intent","¿el último sábado y domingo qué días eran?"
"date-time","date.last.weekend.intent","días del último sábado y domingo que hemos vivido"
"date-time","date.last.weekend.intent","¿qué días fueron el último finde?"
"date-time","date.last.weekend.intent","¿en qué cayó el último finde?"
"date-time","date.last.weekend.intent","¿podrías decirme qué días ocupó el finde anterior?"
"date-time","date.last.weekend.intent","¿cuánto ha pasado desde el último fin de semana?"
"date-time","date.last.weekend.intent","¿el último finde fue el doce-trece?"
"date-time","what.day.is.it.intent","¿qué día es hoy?"
"date-time","what.day.is.it.intent","Dime la fecha actual"
"date-time","current_date.intent","¿sabes el día?"
"date-time","what.weekday.is.it.intent","¿me puedes decir si hoy es miércoles?"
"date-time","current_date.intent","Confírmame la fecha presente"
"date-time","current_date.intent","¿Me dices el día, mes y año en los que nos encontramos?"
"date-time","what.day.is.it.intent","soy un poco despistada: ¿qué día es hoy?"
"date-time","current_date.intent","¿en qué fecha estamos?"
"date-time","what.day.is.it.intent","dime el día en el que estamos, por favor"
"date-time","what.day.is.it.intent","haz el favor de decirme qué día es hoy"
"date-time","what.day.is.it.intent","¡dime qué día es hoy de una vez!"
"date-time","what.day.is.it.intent","¿en qué día me estoy levantado?"
"date-time","what.day.is.it.intent","¿qué día pone en el calendario hoy?"
"date-time","current_date.intent","te ordeno que me digas la fecha de hoy"
"date-time","current_date.intent","¿me puedes decir el número, mes y fecha de año en que estamos?"
"date-time","what.day.is.it.intent","ostras no sé ni en qué día estoy, ¿me lo puedes decir?"
"date-time","current_date.intent","¿fecha?"
"date-time","what.day.is.it.intent","¿en qué día estamos?"
"date-time","what.day.is.it.intent","¿en qué día vivimos?"
"date-time","what.day.is.it.intent","¿hoy es...?"
"date-time","current_date.intent","¿podrías decirme la fecha de hoy?"
"date-time","what.month.is.it.intent","¿sabes el mes?"
"date-time","what.month.is.it.intent","¿estamos ya en mayo?"
"date-time","what.month.is.it.intent","¿cuál es el mes actual?"
"date-time","what.month.is.it.intent","necesito saber el mes presente"
"date-time","what.month.is.it.intent","dime en qué mes nos encontramos"
"date-time","what.month.is.it.intent","¿me puedes decir el mes de ahora?"
"date-time","what.month.is.it.intent","¿estamos ya en junio?"
"date-time","what.month.is.it.intent","¿ya cambiamos de mes?"
"date-time","what.month.is.it.intent","dime el mes actual"
"date-time","what.month.is.it.intent","¿todavía seguimos en el mismo mes?"
"date-time","what.month.is.it.intent","necesito que me digas el mes en el que estamos ya, ¡rápido!"
"date-time","what.month.is.it.intent","¿estamos a enero o febrero?"
"date-time","what.month.is.it.intent","me puedes decir el mes en que estamos, por favor"
"date-time","what.month.is.it.intent","¿me puedes recordar el mes que es ahora mismo?"
"date-time","what.month.is.it.intent","¿qué mes sale ahora mismo en el calendario de mi casa?"
"date-time","what.month.is.it.intent","¿qué mes estamos viviendo ahora mismo los humanos de la tierra?"
"date-time","what.month.is.it.intent","¿qué més es hoy?"
"date-time","what.month.is.it.intent","¿podrías decirme en qué mes estamos?"
"date-time","what.month.is.it.intent","¿estamos en el mes de octubre?"
"date-time","what.month.is.it.intent","me gustaría saber el mes"
"date-time","what.month.is.it.intent","dime el mes"
"date-time","what.time.is.it.intent","¿tienes hora?"
"date-time","what.time.is.it.intent","dime la hora y minuto actuales."
"date-time","what.time.is.it.intent","¿me podrías dar la hora?"
"date-time","what.time.is.it.intent","¿son las tres ya?"
"date-time","what.time.is.it.intent","¿sabes qué hora es?"
"date-time","what.time.is.it.intent","necesito que me digas la hora."
"date-time","what.time.is.it.intent","¿tienes la hora?"
"date-time","what.time.is.it.intent","dime la hora: ¿voy justa de tiempo o sobrada?"
"date-time","what.time.is.it.intent","¿qué hora marca el reloj?"
"date-time","what.time.is.it.intent","necesito la hora exacta"
"date-time","what.time.is.it.intent","¿me podrías decir la hora?"
"date-time","what.time.is.it.intent","¿qué hora pone en tu reloj?"
"date-time","what.time.is.it.intent","¿qué hora es ahora mismo en Barcelona?"
"date-time","what.time.is.it.intent","dime la hora que hago tarde"
"date-time","what.time.is.it.intent","¿me podrías informar de la hora?"
"date-time","what.time.is.it.intent","¿qué hora es?"
"date-time","what.time.is.it.intent","¿podrías decirme la hora?"
"date-time","what.time.is.it.intent","¿son ya las doce?"
"date-time","what.time.is.it.intent","dime la hora"
"date-time","what.time.is.it.intent","¿qué dice el reloj?"
"date-time","what.time.will.it.be.intent","¿dentro de veinte minutos, qué hora será?"
"date-time","what.time.will.it.be.intent","si ahora son las dos, en tres minutos, ¿qué hora dará?"
"date-time","what.time.will.it.be.intent","dime qué hora será en cuarenta minutos."
"date-time","what.time.will.it.be.intent","necesito saber cuántos minutos pasarán de las cinco en veinte."
"date-time","what.time.will.it.be.intent","¿cuánto rato queda para las seis?"
"date-time","what.time.will.it.be.intent","¿falta mucho para que sean las tres menos veinte?"
"date-time","what.time.will.it.be.intent","de aquí media hora, ¿qué marcará el reloj?"
"date-time","what.time.will.it.be.intent","si trabajo sin parar 2 horas, ¿qué hora será?"
"date-time","what.time.will.it.be.intent","dentro de tres cuartos de hora, ¿cuál será la hora exacta?"
"date-time","what.time.will.it.be.intent","necesito que me digas qué hora será cuando hayan pasado 7 horas y media"
"date-time","sunset","¡a qué hora será el atardecer hoy?"
"date-time","what.time.will.it.be.intent","he puesto el pastel al horno y tiene que estar media hora, ¿a qué hora lo saco del horno?"
"date-time","what.time.will.it.be.intent","quiero estudiar una hora, ¿a qué hora paro?"
"date-time","what.time.will.it.be.intent","¿en una hora cuándo faltará para las once de la noche?"
"date-time","what.time.will.it.be.intent","si pasan cuarenta minutos, ¿qué hora será?"
"date-time","what.time.will.it.be.intent","¿es verdad que de aquí veinte minutos serán las diez y veinte?"
"date-time","what.time.will.it.be.intent","en dos horas, ¿qué hora será?"
"date-time","what.time.will.it.be.intent","¿qué hora será, cuando hayan passado treinta minutos?"
"date-time","what.time.will.it.be.intent","¿qué hora serà de aquí a doce minutos?"
"date-time","what.time.will.it.be.intent","en una hora y cuarto seran las..."
"date-time","what.time.will.it.be.intent","¿podrías decirme qué hora será en seis horas i media?"
"date-time","what.weekday.is.it.intent","¿puedes decirme el día de la semana?"
"date-time","what.weekday.is.it.intent","dime el día de la semana actual"
"date-time","what.weekday.is.it.intent","necesito saber el presente día de la semana"
"date-time","what.weekday.is.it.intent","¿cuál es la el día de la semana de hoy?"
"date-time","what.weekday.is.it.intent","¿hoy es martes o qué día?"
"date-time","what.weekday.is.it.intent","¿me confirmas si es jueves, porfa?"
"date-time","what.weekday.is.it.intent","¿en qué día de la semana estamos?"
"date-time","what.weekday.is.it.intent","¿a qué día estamos?"
"date-time","what.weekday.is.it.intent","¿hoy es miércoles o jueves?"
"date-time","what.weekday.is.it.intent","por favor, dime que ya es viernes"
"date-time","what.weekday.is.it.intent","¿estamos a mitad de semana?"
"date-time","what.day.is.it.intent","¿qué día es hoy?"
"date-time","current_date.intent","¿hoy qué día tengo que marcar en el calendario?"
"date-time","what.weekday.is.it.intent","¿hoy estamos a martes?"
"date-time","what.weekday.is.it.intent","¿hoy es el primer día de la semana?"
"date-time","what.weekday.is.it.intent","si miro al calendario de la pared, ¿que día de la semana pondrá?"
"date-time","what.weekday.is.it.intent","en el calendario del móvil me sale que estamos a jueves, ¿es verdad?"
"date-time","what.weekday.is.it.intent","me puedes decir en qué día de la semana estamos"
"date-time","what.weekday.is.it.intent","¿qué día de la semana és?"
"date-time","what.day.is.it.intent","¿en qué día estamos?"
"date-time","what.weekday.is.it.intent","¿hoy es lunes?"
"date-time","what.weekday.is.it.intent","dime en que día de la semana vivimos"
"date-time","what.weekday.is.it.intent","¿hoy es...?"
"date-time","what.year.is.it.intent","dime en qué año estamos, porfi"
"date-time","what.year.is.it.intent","¿ya es dos mil veintiséis?"
"date-time","what.year.is.it.intent","¿cuál es el año actual?"
"date-time","what.year.is.it.intent","¿estamos en enero de qué año?"
"date-time","what.year.is.it.intent","¿sabes el año de ahora?"
"date-time","what.year.is.it.intent","¿me confirmas si dos mil dos es el presente año?"
"date-time","what.year.is.it.intent","¿estamos en 2025?"
"date-time","what.year.is.it.intent","¿qué año es?"
"date-time","what.year.is.it.intent","¿todavía seguimos en el mismo año?"
"date-time","what.year.is.it.intent","¿puedes decirme el año actual, por favor?"
"date-time","what.year.is.it.intent","A ver, que yo me entere: ¿en qué año estamos?"
"date-time","what.year.is.it.intent","estoy desorientado y no recuerdo el año en que estamos"
"date-time","what.year.is.it.intent","¿hemos pasado ya el año 2000?"
"date-time","what.year.is.it.intent","¿en qué año estoy ahora mismo?"
"date-time","what.year.is.it.intent","¿qué año pone ahora mismo en el calendario?"
"date-time","what.year.is.it.intent","¿estamos a 2025 o 2026?"
"date-time","what.year.is.it.intent","¿es dos mil veinticinco?"
"date-time","what.year.is.it.intent","¿en qué año vivimos?"
"date-time","what.year.is.it.intent","¿podrías decirme el año actual?"
"date-time","what.year.is.it.intent","solo dime el año"
"hello world","Greetings.intent","¡buenos días!"
"hello world","Greetings.intent","¡Hola hola!"
"hello world","Greetings.intent","¡Hello!"
"hello world","Greetings.intent","¡Buenas!"
"hello world","Greetings.intent","Holi"
"hello world","Greetings.intent","¡Tú por aquí!"
"hello world","Greetings.intent","¡muy buenas!"
"hello world","Greetings.intent","¡hola de nuevo!"
"hello world","Greetings.intent","¡buen día!"
"hello world","Greetings.intent","¡ey!"
"hello world","Greetings.intent","¡yuju!"
"hello world","Greetings.intent","¡buenas!"
"hello world","Greetings.intent","ey, ¿estás ahí?"
"hello world","Greetings.intent","buenas, compañero"
"hello world","Greetings.intent","¡saludos!"
"hello world","Greetings.intent","¿tienes un momento?"
"hello world","Greetings.intent","¡qué dices!"
"hello world","Greetings.intent","¡holi!"
"hello world","Greetings.intent","¡epa!"
"hello world","Greetings.intent","¡buenas tardes!"
"hello world","Greetings.intent","¿hey, qué passa?"
"hello world","Greetings.intent","¡despierta!"
"hello world","Greetings.intent","¡ave, cesar!"
"hello world","Greetings.intent","¿qué tal?"
"hello world","Greetings.intent","¿cómo andas?"
"hello world","Greetings.intent","¿qué hay?"
"hello world","Greetings.intent","¿qué es de tu vida?"
"hello world","Greetings.intent","¿qué me cuentas?"
"hello world","Greetings.intent","¿cómo estamos?"
"hello world","Greetings.intent","¿todo en orden?"
"hello world","Greetings.intent","¿qué tal va la cosa?"
"hello world","Greetings.intent","¿cómo va eso?"
"hello world","Greetings.intent","¿cómo vamos?"
"hello world","Greetings.intent","¿cómo va todo?"
"hello world","Greetings.intent","¿cómo te encuentras?"
"hello world","Greetings.intent","¿qué tal andas?"
"hello world","Greetings.intent","¿qué onda, amigo?"
"hello world","Greetings.intent","¿cómo te trata la vida?"
"hello world","Greetings.intent","¿cómo llevas el día?"
"hello world","Greetings.intent","¿cómo vas?"
"hello world","Greetings.intent","¿qué dices de nuevo?"
"hello world","Greetings.intent","¿qué onda?"
"hello world","Greetings.intent","¿qué dice el crack?"
"hello world","Greetings.intent","¿cómo estás?"
"hello world","Greetings.intent","¿todo bien?"
"hello world","Greetings.intent","¿cómo amaneciste?"
"laugh","Laugh.intent","quiero escuchar como te ries"
"laugh","Laugh.intent","venga, ríete"
"laugh","Laugh.intent","a ver si sabes reír"
"laugh","Laugh.intent","¿sabes cómo hacer carcajadas?"
"laugh","Laugh.intent","a reír se ha dicho"
"laugh","Laugh.intent","¿tienes idea de cómo suena una risotada?"
"laugh","Laugh.intent","quiero escuchar como te ríes"
"laugh","Laugh.intent","¿puedes reírte?"
"laugh","Laugh.intent","échate unas risas"
"laugh","Laugh.intent","venga va, ¡ríete!"
"laugh","Laugh.intent","muéstrame cómo te ríes"
"laugh","Laugh.intent","ríete"
"laugh","Laugh.intent","me gustaría escuchar la forma como te ríes"
"laugh","Laugh.intent","¿puedes dar una carcajada?"
"laugh","Laugh.intent","te ordeno que rías"
"laugh","Laugh.intent","necesito que ríes para animarme el día"
"laugh","Laugh.intent","¿me puedes mostrar tu risa?"
"laugh","Laugh.intent","¡ríe!"
"laugh","Laugh.intent","quiero que te rías mucho"
"laugh","Laugh.intent","ríete un rato"
"laugh","Laugh.intent","quiero saber cómo es tu risa"
"laugh","RandomLaugh.intent","activa la risa en modo aleatorio"
"laugh","RandomLaugh.intent","ríete a intervalos"
"laugh","RandomLaugh.intent","¿te puedes reír ahora sí, ahora no?"
"laugh","RandomLaugh.intent","inicia risas al tuntún"
"laugh","RandomLaugh.intent","haz risas rándom"
"laugh","RandomLaugh.intent","¿sabes reírte de vez en cuando?"
"laugh","RandomLaugh.intent","ríate a ratos"
"laugh","RandomLaugh.intent","si algo te hace gracia, ríete"
"laugh","RandomLaugh.intent","empieza a reír aleatoriamente"
"laugh","RandomLaugh.intent","pon el modo risas al azar"
"laugh","RandomLaugh.intent","ríe cuando te dé la gana"
"laugh","RandomLaugh.intent","sorpréndeme con unas risas, venga"
"laugh","RandomLaugh.intent","ríe cuando menos me lo espere"
"laugh","RandomLaugh.intent","haz una carcajada cuando quieras"
"laugh","RandomLaugh.intent","puedes reír cuando te apetezca"
"laugh","RandomLaugh.intent","ríe de manera random"
"laugh","RandomLaugh.intent","ríe cuando te salga de los cojones"
"laugh","RandomLaugh.intent","ríete al azar"
"laugh","RandomLaugh.intent","quiero que rías espontáneamente"
"laugh","RandomLaugh.intent","ríe cuando quieras"
"laugh","RandomLaugh.intent","ríete a veces"
"laugh","Laugh.intent","ríete como un loco"
"laugh","Laugh.intent","haz una risa de villana"
"laugh","Laugh.intent","¿te sabes reír como un maníaco?"
"laugh","Laugh.intent","actívame la risa maligna"
"laugh","Laugh.intent","carcajéate como un chalado"
"laugh","Laugh.intent","imita una risotada diabólica"
"laugh","Laugh.intent","ríe como si fueres un villano"
"laugh","Laugh.intent","activa la risa maligna"
"laugh","Laugh.intent","quiero que tu risa me dé escalofríos"
"laugh","Laugh.intent","venga, ríe como un psicópata"
"laugh","Laugh.intent","me gustaría oír carcajadas dignas de un ser vil"
"laugh","Laugh.intent","ríete como si fueras un diablo"
"laugh","Laugh.intent","ríete como si fueras el malvado de una película"
"laugh","Laugh.intent","¿eres capaz de reír de una manera que me dé mucho miedo?"
"laugh","Laugh.intent","¿puedes reír de la manera más tenebrosa y diabólica del mundo?"
"laugh","Laugh.intent","ríete como si fueras el malvado de Harry Potter"
"laugh","Laugh.intent","ríete como si te hubiera poseído el demonio"
"laugh","Laugh.intent","ríete diabólicamente"
"laugh","Laugh.intent","quiero que te rías como Satán"
"laugh","Laugh.intent","ahora eres el demonio, ríete"
"laugh","Laugh.intent","haz tu risa más maléfica"
"music","play","quiero escuchar algo de la Oreja de Van Gogh"
"music","play","reproduce música clásica"
"music","play","me gustaría oír sonidos de lluvia"
"music","play","ponme Camela"
"music","play","me apetece que pongas Rosalía"
"music","play","¿tienes algo de David Civera?"
"music","play","¿podrías poner música moderna?"
"music","play","me apetece escuchar rock ochentero"
"music","play","quiero música de los Jonas Brothers"
"music","play","me apetece que hagas sonar algo alegre"
"music","play","pon algun temazo de Bad Bunny, Benito para los amigos"
"music","play","reproduce música épica, tipo la banda sonora de El Señor de los Anillos"
"music","play","¿podrías poner música relajante, por favor?"
"music","play","hoy estoy nostálgica, ¿puedes poner algo de Amaral?"
"music","play","sorpréndeme con tus gustos musicales"
"music","play","haz sonar la canción número uno del momento"
"music","play","se acerca el brat summer, pon Charli xcx"
"music","play","quiero escuchar la nueva de Bad Bunny"
"music","play","necesito escuchar música tranquila"
"music","play","me puedes poner el último disco que sacó Estopa"
"music","play","pon Baby de Justin Bieber"
"music","play","¿me puedes poner una canción que me anime?"
"music","play","quiero ir al gimnasio y no sé que canciones poner, ¿me puedes ayudar?"
"music","play","puedes hacer sonar a toda castaña la canción de Mariposas de Aitana"
"music","play","quiero que me pongas toda la discografía de Julieta Venegas"
"music","play","ponme algo de Estopa"
"music","play","repoduce canciones tristes en inglés"
"music","play","pon rock español de los ochenta"
"music","play","quiero escuchar el sonido del mar"
"music","play","podrías reproducir sonido de lluvia"
"music","play","pon canciones de Bruce Springsteen"
"music","play","¿podría escuchar el nuevo disco de Bad Bunny?"
"music","play","tengo que prepararme para el concierto del Último de la Fila, ayúdame"
"music","stop","necesito que pares la música"
"music","stop","basta de música"
"music","stop","¡para ya!"
"music","stop","no aguanto más esta pesadilla, para"
"music","stop","detén este ruido horrible"
"music","stop","hasta aquí la música"
"music","stop","deja de reproducir esta canción"
"music","stop","no quiero escuchar más música"
"music","stop","ahora a callar"
"music","stop","que te calles"
"music","stop","para la música, me va a explotar la cabeza"
"music","stop","silencio, por favor"
"music","stop","no quiero escuchar nada más, gracias"
"music","stop","¿podemos estar un rato en silencio?"
"music","stop","es muy importante que me concentre, para la música"
"music","stop","corta la música"
"music","stop","detén la canción"
"music","stop","ya basta de música, por Dios"
"music","stop","stop música"
"music","stop","¡cállate!"
"music","stop","¡para la música ya!"
"music","stop","¡dios mío, para esta música terrible!"
"music","stop","tengo dolor de cabeza, ¿puedes para la puta música?"
"music","stop","por favor, ¿puedes poner stop a la música?"
"music","stop","no escucho qué dice mi novio, ¿te puedes callar?"
"music","stop","quiero que detengas esto que está sonando"
"music","stop","¡ya basta!"
"music","stop","deja de reproducir música"
"music","stop","¡detén este horrible ruido!"
"music","stop","pon pausa"
"music","stop","¿podrías parar la música?"
"music","stop","haz silencio"
"music","stop","detén"
"music","stop","no reproduzcas más"
"music","stop","para un ratito, porfi"
"news","global_news.intent","¿qué ha pasado por el mundo?"
"news","global_news.intent","ponme al día de las noticias internacionales"
"news","global_news.intent","quiero información de actualidad internacional"
"news","global_news.intent","¿me pones noticias internacionales, por favor?"
"news","global_news.intent","reproduce algún canal de noticias del mundo"
"news","global_news.intent","me interesa saber qué está pasando hoy a nivel internacional"
"news","global_news.intent","mírame qué ha pasado por el mundo"
"news","global_news.intent","quiero que pongas las noticias en inglés"
"news","global_news.intent","¿cómo está el mundo hoy?"
"news","global_news.intent","sintoniza la NBC"
"news","global_news.intent","me gustaría tener noticias del extranjero, por favor"
"news","global_news.intent","¿puedes poner un canal de noticias en francés?"
"news","global_news.intent","¿me puedes poner las noticias internacionales?"
"news","global_news.intent","¿qué dicen las noticias del mundo?"
"news","global_news.intent","me gustaría saber qué está pasando por el mundo"
"news","global_news.intent","¿me puedes sintonizar las noticias del mundo?"
"news","global_news.intent","¿qué está pasando por el mundo? ¿Todo está fatal no?"
"news","global_news.intent","ponme las noticias internacionales, por favor"
"news","global_news.intent","¿qué está pasando en el planeta?"
"news","global_news.intent","infórmame de lo que ocurre en el mundo"
"news","global_news.intent","¿podrías poner las notícias mundiales?"
"news","global_news.intent","quiero escuchar las notícias internacionales"
"news","news.intent","ponme las noticias, por favor"
"news","news.intent","quiero escuchar el noticiario"
"news","news.intent","deseo oír noticias"
"news","news.intent","reproduce el canal de noticias"
"news","news.intent","¿puedes poner las noticias?"
"news","news.intent","noticias, por favor"
"news","news.intent","infórmame de las noticias, porfi"
"news","news.intent","¿puedes poner catalunya informació, por favor?"
"news","news.intent","quiero escuchar a Ricard Ustrell"
"news","news.intent","pon el canal de noticias catalanas"
"news","news.intent","quiero saber cómo va todo por Cataluña"
"news","news.intent","¿puedes actualizarme con las noticias de catalunya informació?"
"news","news.intent","dale al play a las news porfi"
"news","news.intent","te ordeno que me pongas las noticias"
"news","news.intent","me gustaria saber qué dicen en las noticias"
"news","news.intent","si eres tan amable, ¿me podrías poner las noticias?"
"news","news.intent","¿qué estan contando ahora mismo en las noticias?"
"news","news.intent","noticias locales, porfi"
"news","news.intent","¿qué está sucediendo aquí?"
"news","news.intent","cuéntame las noticias del día"
"news","news.intent","¿qué está pasando aquí?"
"news","news.intent","¿qué ha ocurrido en Cataluña?"
"parrot","did.you.hear.me.intent","¿me estás escuchando?"
"parrot","did.you.hear.me.intent","¿me oyes o no?"
"parrot","did.you.hear.me.intent","¿me estás ignorando?"
"parrot","did.you.hear.me.intent","¿has escuchado lo que he dicho?"
"parrot","did.you.hear.me.intent","¿lo has pillado?"
"parrot","did.you.hear.me.intent","¿te enteras?"
"parrot","did.you.hear.me.intent","¿estás pasando de mí?"
"parrot","did.you.hear.me.intent","¿oyes lo que digo?"
"parrot","did.you.hear.me.intent","si me oyes di algo"
"parrot","did.you.hear.me.intent","¿hay alguien ahí?"
"parrot","did.you.hear.me.intent","¿me prestas atención?"
"parrot","did.you.hear.me.intent","¿estás ahí o te has dormido?"
"parrot","did.you.hear.me.intent","¿te estás enterando de lo que te digo?"
"parrot","did.you.hear.me.intent","¿has comprendido todo lo que te he dicho?"
"parrot","did.you.hear.me.intent","¿me has podido seguir?"
"parrot","did.you.hear.me.intent","¿has entendido mi mensaje?"
"parrot","did.you.hear.me.intent","¿te has enterado o te lo tengo que volver a decir?"
"parrot","did.you.hear.me.intent","¿me has oído?"
"parrot","did.you.hear.me.intent","¿te has enterado?"
"parrot","did.you.hear.me.intent","¿queda claro?"
"parrot","did.you.hear.me.intent","¿me has entendido?"
"parrot","did.you.hear.me.intent","¿capisci?"
"parrot","repeat.stt.intent","repite lo que acabo de decir"
"parrot","repeat.stt.intent","a ver lo que he dicho"
"parrot","repeat.stt.intent","repite lo que he dicho que yo lo oiga"
"parrot","repeat.stt.intent","reitera mi última frase"
"parrot","repeat.stt.intent","¿puedes reproducir mis últimas palabras?"
"parrot","repeat.stt.intent","¿sabrías volver a decir lo último que he dicho?"
"parrot","repeat.stt.intent","dime lo que acabo de decir"
"parrot","repeat.stt.intent","dime lo que he dicho"
"parrot","repeat.stt.intent","te ordeno que repitas lo que acabo de expresar"
"parrot","repeat.stt.intent","¿qué ha sido lo último que he dicho?"
"parrot","repeat.stt.intent","solo por ver si estás atento: ¿qué he comentado?"
"parrot","repeat.stt.intent","por favor, quiero comprobar si has escuchado lo que acabo de mencionar"
"parrot","repeat.stt.intent","te ordeno que repitas lo que te he dicho"
"parrot","repeat.stt.intent","por favor, ¿puedes repetir lo mismo que te he dicho?"
"parrot","repeat.stt.intent","di lo mismo de lo que te acabo de decir"
"parrot","repeat.stt.intent","usa las mismas palabras que acabo de usar"
"parrot","repeat.stt.intent","habla de la misma forma como lo acabo de hacer"
"parrot","repeat.stt.intent","repite lo último que he dicho"
"parrot","repeat.stt.intent","¿podrías volver a decir lo que acabo de decirte?"
"parrot","repeat.stt.intent","repite mis últimas palabras"
"parrot","repeat.stt.intent","¿qué es lo último que te he dicho?"
"parrot","repeat.stt.intent","¿qué he dicho?"
"parrot","repeat.tts.intent","repite lo que has dicho"
"parrot","repeat.tts.intent","otra vez"
"parrot","repeat.tts.intent","¿qué has dicho?"
"parrot","repeat.tts.intent","no me he enterado, ¿qué?"
"parrot","repeat.tts.intent","¿qué dices?"
"parrot","repeat.tts.intent","dilo otra vez"
"parrot","repeat.tts.intent","a ver, repite lo que has dicho"
"parrot","repeat.tts.intent","¿puedes repetir esto último?"
"parrot","repeat.tts.intent","di lo mismo otra vez"
"parrot","repeat.tts.intent","no te he entendido, repite"
"parrot","repeat.tts.intent","¿cómo? ¿qué acabas de decir?"
"parrot","repeat.tts.intent","que me repitas lo que has dicho, leñe"
"parrot","repeat.tts.intent","¿puedes volver a decir lo mismo que has dicho?"
"parrot","repeat.tts.intent","joder no te entiendo, ¿puedes repetirlo?"
"parrot","repeat.tts.intent","¿puedes repetir el prompt que acabas de hacer que no te he acabado de entender?"
"parrot","repeat.tts.intent","puedes volver a decir las mismas palabras que acabas de usar"
"parrot","repeat.tts.intent","repite lo que acabas de decir"
"parrot","repeat.tts.intent","vuelve a decir lo último"
"parrot","repeat.tts.intent","¿que acabas de decir?"
"parrot","repeat.tts.intent","repíte, por favor"
"parrot","start_parrot.intent","activa el modo loro"
"parrot","start_parrot.intent","inicia el modo de repetición"
"parrot","start_parrot.intent","a partir de ahora, repite mis palabras"
"parrot","start_parrot.intent","hasta nuevo aviso, imítame como un loro"
"parrot","start_parrot.intent","imítame hasta que yo te diga"
"parrot","start_parrot.intent","di lo mismo que yo hasta que te avise"
"parrot","start_parrot.intent","pon el modo lorito"
"parrot","start_parrot.intent","ponte en plan loro"
"parrot","start_parrot.intent","modo loro on"
"parrot","start_parrot.intent","dale al modo loro"
"parrot","start_parrot.intent","a partir de ahora imítame"
"parrot","start_parrot.intent","ahora sígueme, repite todo lo que diga"
"parrot","start_parrot.intent","entra en modo repetición"
"parrot","start_parrot.intent","¡activa ya el modo loro!"
"parrot","start_parrot.intent","repite todo lo que diga a partir de ahora"
"parrot","start_parrot.intent","activa el modo repetición"
"parrot","start_parrot.intent","pone on al modo loro"
"parrot","start_parrot.intent","¿puedes ser mi eco a partir de ahora y repetirme todo el rato?"
"parrot","start_parrot.intent","¿puedes activar este modo que tienes que repites todo el rato lo mismo que yo digo?"
"parrot","start_parrot.intent","repite todo el rato lo que yo te voy diciendo"
"parrot","start_parrot.intent","repíteme hasta que diga"
"parrot","start_parrot.intent","empieza el modo loro"
"parrot","start_parrot.intent","repite todo lo que yo diga"
"parrot","start_parrot.intent","ahora conviértete en loro"
"parrot","start_parrot.intent","ves repitiéndome"
"parrot","start_parrot.intent","conviértete en mi loro"
"parrot","stop_parrot.intent","para de repetir lo que digo"
"parrot","stop_parrot.intent","basta ya de modo loro"
"parrot","stop_parrot.intent","no me repitas más"
"parrot","stop_parrot.intent","finaliza las repeticiones"
"parrot","stop_parrot.intent","deja de repetir mis palabras"
"parrot","stop","que te calles ya"
"parrot","stop","¡silencio!"
"parrot","stop_parrot.intent","que pares de repetir, pesado"
"parrot","stop_parrot.intent","stop modo loro"
"parrot","stop_parrot.intent","te dejo descansar, para el modo loro"
"parrot","stop","silencio"
"parrot","stop_parrot.intent","ya no repitas nada más"
"parrot","stop_parrot.intent","para, me he cansado del loro"
"parrot","stop_parrot.intent","vuelve a la normalidad"
"parrot","stop_parrot.intent","stop modo repetición"
"parrot","stop_parrot.intent","por favor, para el modo repetición"
"parrot","stop_parrot.intent","¿puedes parar de repetir todo el rato lo que te digo?"
"parrot","stop","¡qué pesado, cállate ya!"
"parrot","stop","¡cállate ya robot!"
"parrot","stop_parrot.intent","desactiva el modo loro"
"parrot","stop_parrot.intent","finaliza el modo loro"
"parrot","stop_parrot.intent","ya no me repitas más"
"parrot","stop_parrot.intent","¡basta de repetirme!"
"parrot","stop_parrot.intent","hasta aquí el modo loro"
"parrot","stop_parrot.intent","deja de ser mi loro"
"personal (who are you)","WhatAreYou.intent","¿qué tipo de aparato eres tú?"
"personal (who are you)","WhatAreYou.intent","¿qué se supone que eres?"
"personal (who are you)","WhatAreYou.intent","¿qué tipo de máquina eres?"
"personal (who are you)","WhatAreYou.intent","¿eres un ordenador, una IA o qué?"
"personal (who are you)","WhatAreYou.intent","¿qué clase de cacharro eres?"
"personal (who are you)","WhatAreYou.intent","¿Me explicas qué eres exactamente?"
"personal (who are you)","WhatAreYou.intent","¿tú qué eres?"
"personal (who are you)","WhatAreYou.intent","¿eres un robot?"
"personal (who are you)","WhatAreYou.intent","¿hay algo detrás de la voz?"
"personal (who are you)","WhatAreYou.intent","¿te consideras una inteligencia artificial?"
"personal (who are you)","WhatAreYou.intent","¿existes en el mundo real?"
"personal (who are you)","WhatAreYou.intent","¿cómo te definirías?"
"personal (who are you)","WhatAreYou.intent","¿qué tipo de robot eres?"
"personal (who are you)","WhatAreYou.intent","¿qué representa que eres?"
"personal (who are you)","WhatAreYou.intent","¿con quién estoy hablando?"
"personal (who are you)","WhatAreYou.intent","¿de qué material estás hecho?"
"personal (who are you)","WhatAreYou.intent","¿qué eres?"
"personal (who are you)","WhatAreYou.intent","¿qué narices eres?"
"personal (who are you)","WhatAreYou.intent","explícame qué eres"
"personal (who are you)","WhatAreYou.intent","¿qué es un asistente virtual?"
"personal (who are you)","WhatAreYou.intent","quiero saber exactamente qué eres"
"personal (who are you)","WhenWereYouBorn.intent","¿cuándo naciste?"
"personal (who are you)","WhenWereYouBorn.intent","¿desde cuándo existes?"
"personal (who are you)","WhenWereYouBorn.intent","¿qué día te crearon?"
"personal (who are you)","WhenWereYouBorn.intent","¿desde qué fecha estás operativo?"
"personal (who are you)","WhenWereYouBorn.intent","¿cuándo te hicieron?"
"personal (who are you)","WhenWereYouBorn.intent","¿cuál es tu fecha de nacimiento?"
"personal (who are you)","WhenWereYouBorn.intent","¿cuándo te crearon?"
"personal (who are you)","WhenWereYouBorn.intent","¿cuántos años tienes?"
"personal (who are you)","WhenWereYouBorn.intent","¿fuiste creado hace mucho?"
"personal (who are you)","WhenWereYouBorn.intent","¿cuándo empezaste a funcionar?"
"personal (who are you)","WhenWereYouBorn.intent","¿cuándo saludaste al mundo por primera vez?"
"personal (who are you)","WhenWereYouBorn.intent","¿cuándo dijiste el primer hola al mundo?"
"personal (who are you)","WhenWereYouBorn.intent","¿qué día naciste?"
"personal (who are you)","WhenWereYouBorn.intent","¿qué día saliste del huevo?"
"personal (who are you)","WhenWereYouBorn.intent","¿qué día abriste los ojos por primera vez?"
"personal (who are you)","WhenWereYouBorn.intent","¿cuánto hace que existes?"
"personal (who are you)","WhenWereYouBorn.intent","¿hace cuánto que estás vivo?"
"personal (who are you)","WhenWereYouBorn.intent","¿desde què día funcionas?"
"personal (who are you)","WhenWereYouBorn.intent","¿en qué año te crearon?"
"personal (who are you)","WhereWereYouBorn.intent","¿dónde te han creado?"
"personal (who are you)","WhereWereYouBorn.intent","¿cuál es tu lugar de nacimiento?"
"personal (who are you)","WhereWereYouBorn.intent","¿de dónde eres?"
"personal (who are you)","WhereWereYouBorn.intent","¿en qué sitio naciste?"
"personal (who are you)","WhereWereYouBorn.intent","¿cuál es tu ciudad de origen?"
"personal (who are you)","WhereWereYouBorn.intent","¿De dónde sales?"
"personal (who are you)","WhereWereYouBorn.intent","¿de dónde vienes?"
"personal (who are you)","WhereWereYouBorn.intent","¿de qué país vienes?"
"personal (who are you)","WhereWereYouBorn.intent","¿eres extranjero o español?"
"personal (who are you)","WhereWereYouBorn.intent","¿te crearon en un laboratorio?"
"personal (who are you)","WhereWereYouBorn.intent","¿dónde está tu hogar?"
"personal (who are you)","WhereWereYouBorn.intent","¿tienes alguna nacionalidad?"
"personal (who are you)","WhereWereYouBorn.intent","¿en qué dirección de Google Maps te han creado?"
"personal (who are you)","WhereWereYouBorn.intent","¿qué sitio del mundo viste por primera vez cuando naciste?"
"personal (who are you)","WhereWereYouBorn.intent","¿en qué localización fuiste creado?"
"personal (who are you)","WhereWereYouBorn.intent","¿qué ciudadanos tenías a tu alrededor en el momento de tu nacimiento?"
"personal (who are you)","WhereWereYouBorn.intent","¿en qué ciudad dijiste hola al mundo por primera vez?"
"personal (who are you)","WhereWereYouBorn.intent","¿de dónde sales?"
"personal (who are you)","WhereWereYouBorn.intent","¿dónde naciste?"
"personal (who are you)","WhereWereYouBorn.intent","¿en qué lugar té han desarrollado?"
"personal (who are you)","WhereWereYouBorn.intent","¿podrías decirme dónde naciste?"
"personal (who are you)","WhereWereYouBorn.intent","¿cuál es tu lugar de origen?"
"personal (who are you)","WhoAreYou.intent","¿tienes nombre?"
"personal (who are you)","WhoAreYou.intent","¿Tu nombre es?"
"personal (who are you)","WhoAreYou.intent","¿Cómo te tengo que llamar?"
"personal (who are you)","WhoAreYou.intent","¿Cómo me dirijo a ti?"
"personal (who are you)","WhoAreYou.intent","¿Quién se supone que eres?"
"personal (who are you)","WhoAreYou.intent","¿Con quién hablo?"
"personal (who are you)","WhoAreYou.intent","¿cómo te llamas?"
"personal (who are you)","WhoAreYou.intent","¿tienes algún apodo?"
"personal (who are you)","WhoAreYou.intent","si fueras humano, ¿qué nombre te pondrías?"
"personal (who are you)","WhoAreYou.intent","¿puedo llamarte de alguna forma?"
"personal (who are you)","WhoAreYou.intent","¿qué nombre pone en tu DNI?"
"personal (who are you)","WhoAreYou.intent","¿qué pone en tu DNI?"
"personal (who are you)","WhoAreYou.intent","¿como es tu nombre?"
"personal (who are you)","WhoAreYou.intent","¿con qué nombre te sientes llamado?"
"personal (who are you)","WhoAreYou.intent","¿como te llamas?"
"personal (who are you)","WhoAreYou.intent","dime tu nombre por favor"
"personal (who are you)","WhoAreYou.intent","¿cómo te tengo que llamar?"
"personal (who are you)","WhoAreYou.intent","¿cuál es tu nombre?"
"personal (who are you)","WhoAreYou.intent","podrías decirme tu nombre"
"personal (who are you)","WhoAreYou.intent","¿cómo te llaman tus amigos?"
"personal (who are you)","WhoMadeYou.intent","¿quiénes son tus papás?"
"personal (who are you)","WhoMadeYou.intent","¿Quién te inventó?"
"personal (who are you)","WhoMadeYou.intent","¿Tu creador quién fue?"
"personal (who are you)","WhoMadeYou.intent","¿Sabes quién te hizo?"
"personal (who are you)","WhoMadeYou.intent","¿Te hizo un ingeniero o quién?"
"personal (who are you)","WhoMadeYou.intent","¿Cómo se llama la persona que te creó?"
"personal (who are you)","WhoMadeYou.intent","¿quiénes son tus creadores?"
"personal (who are you)","WhoMadeYou.intent","¿quién te inventó?"
"personal (who are you)","WhoMadeYou.intent","¿quién está detrás de ti?"
"personal (who are you)","WhoMadeYou.intent","¿tus padres son humanos?"
"personal (who are you)","WhoMadeYou.intent","¿conoces a las personas que te crearon?"
"personal (who are you)","WhoMadeYou.intent","¿te creó una empresa?"
"personal (who are you)","WhoMadeYou.intent","¿quiénes son las personas que te han hecho?"
"personal (who are you)","WhoMadeYou.intent","¿quiénes son tus progenitores?"
"personal (who are you)","WhoMadeYou.intent","¿cómo se nombran las personas que te han creado?"
"personal (who are you)","WhoMadeYou.intent","¿quién te ha creado?"
"personal (who are you)","WhoMadeYou.intent","¿quién ha tenido la idea de crearte?"
"personal (who are you)","WhoMadeYou.intent","¿quién te desarrolló?"
"personal (who are you)","WhoMadeYou.intent","dime quién te ha hecho existir"
"personal (who are you)","WhoMadeYou.intent","¿podrías explicare quien te ha hecho?"
"personal (who are you)","WhoMadeYou.intent","¿quién te dio a luz?"
"weather","daily_forecast.intent","¿puedes mirarme si va a llover en Valladolid mañana?"
"weather","is_snow.intent","¿va a nevar en las próximas horas en Madrid?"
"weather","is_rain.intent","¿es verdad que se esperan tormentas en el sur mañana?"
"weather","is_clear.intent","confírmame si hará sol por la tarde."
"weather","hourly_forecast.intent","dime si superaremos los cuarenta grados a las dos del mediodía."
"weather","hourly_forecast.intent","¿sabes si estará nublado al atardecer?"
"weather","is_snow.intent","oye, ¿habrá nieve pasado mañana o no?"
"weather","daily_forecast.intent","¿qué temperatura se espera mañana en Barcelona?"
"weather","hourly_forecast.intent","quiero saber las probabilidades de lluvia en mi ubicación actual para la noche."
"weather","daily_forecast.intent","¿podré ir en sandalias a principios de junio?"
"weather","hourly_forecast.intent","¿tengo que coger el paraguas esta tarde para salir por A Coruña?"
"weather","N_days_forecast.intent","¿cuándo se acabará este diluvio universal?"
"weather","N_days_forecast.intent","¿crees que nevará este marzo en Viella?"
"weather","daily_forecast.intent","tengo un festival de música dentro de dos días. ¿Me llevo el chubasquero?"
"weather","N_days_forecast.intent","¿cuándo podremos dejar los abrigos de una vez?"
"weather","daily_forecast.intent","¿hay lluvia prevista para el viernes?"
"weather","N_days_forecast.intent","¿cuándo llegará la primera ola de calor de este verano?"
"weather","daily_forecast.intent","¿sabes si mañana hará sol o lluvia en Barcelona?"
"weather","daily_forecast.intent","¿si me voy este finde de vacaciones a la playa, es mejor llevarme un abrigo?"
"weather","current_weather.intent","¿hoy me recomiendas pillar el paraguas si voy por Madrid?"
"weather","N_days_forecast.intent","¿saldrá el sol algun día de esta semana?"
"weather","daily_forecast.intent","¿qué previsión hay en Tarragona para mañana, sol o lluvia?"
"weather","hourly_forecast.intent","¿sabes si hoy hará más viento de lo que está haciendo ahora?"
"weather","hourly_forecast.intent","tengo miedo que haga una tormenta eléctrica esta noche, ¿tú sabes alguna cosa?"
"weather","current_weather.intent","si hoy voy a la playa a Salou, ¿tendré frío?"
"weather","daily_forecast.intent","¿hará frío en Barcelona mañana por la mañana?"
"weather","daily_forecast.intent","¿mañana habrá mucha niebla en Gijón?"
"weather","N_days_forecast.intent","¿tiene que llover esta semana en Valencia?"
"weather","current_weather.intent","mírame si llueve en Bilbao"
"weather","N_days_forecast.intent","¿hará mucho sol estos días en Huesca?"
"weather","current_temperature.intent","dime si ayer hizo mucho calor en Menorca"
"weather","current_weather.intent","infórmame del tiempo actual en Pontevedra"
"weather","is_fog.intent","¿hay niebla en Oviedo?"
"weather","daily_forecast.intent","¿qué tiempo hará en Badajoz este finde?"
"weather","daily_forecast.intent","¿cuál es la previsión meteorológica para mañana?"
"weather","daily_forecast.intent","dime el tiempo que se espera el martes."
"weather","N_days_forecast.intent","necesito información sobre la meteorología de la semana que viene."
"weather","hourly_forecast.intent","por favor, el tiempo de esta tarde."
"weather","hourly_forecast.intent","¿qué han dicho los del tiempo para la noche?"
"weather","hourly_forecast.intent","¿qué previsión de tiempo hay para las cuatro?"
"weather","hourly_forecast.intent","¿sabes cómo estará el tiempo a las cinco?"
"weather","daily_forecast.intent","¿qué tiempo se espera para el día dos?"
"weather","daily_forecast.intent","¿puedes decirme la previsión para Sevilla?"
"weather","daily_forecast.intent","¿cómo estará el clima mañana?"
"weather","daily_forecast.intent","¿el domingo podremos hacer el vermut en una terraza en Barcelona?"
"weather","daily_forecast.intent","¿hará bueno para San Juan?"
"weather","daily_forecast.intent","me voy el finde a Londres, ¿cómo ves el tiempo por allí?"
"weather","N_days_forecast.intent","¿cuándo volverá a salir el sol en Formentera?"
"weather","daily_forecast.intent","¿se prevé viento en Lanzarote? Me gustaría surfear"
"weather","daily_forecast.intent","¿hará día de playa mañana?"
"weather","daily_forecast.intent","¿qué previsión hay para Madrid estos días?"
"weather","daily_forecast.intent","¿qué tiempo sale para mañana en Cádiz?"
"weather","current_temperature.intent","¿hoy en Barcelona me tengo que abrigar mucho?"
"weather","daily_forecast.intent","¿me puedes decir la previsión para mañana en Sitges?"
"weather","daily_forecast.intent","¿te puedes convertir en un presentador del tiempo y decirme la previsión meteorológica para hoy?"
"weather","daily_forecast.intent","¿como pinta el cielo para mañana?"
"weather","daily_forecast.intent","dime la previsión del tiempo"
"weather","daily_forecast.intent","¿qué te pone de previsión meteorológica para mañana en tus apps del tiempo?"
"weather","hourly_forecast.intent","¿qué tiempo hará esta noche en Badalona?"
"weather","current_weather.intent","¿qué tiempo hace en Cáceres?"
"weather","current_weather.intent","dime el tiempo de Madrid"
"weather","daily_forecast.intent","¿puedes decirme el tiempo de mañana de Vigo?"
"weather","current_weather.intent","infórmame del tiempo actual en Pontevedra"
"weather","hourly_forecast.intent","vivo en Córdoba, ¿tengo que coger paraguas esta tarde?"
"weather","current_weather.intent","¿qué tiempo hizo ayer en el sur de Navarra?"
"weather","current_weather.intent","dame información sobre la meteorología actual de Toledo"
"weather","sunrise","¿a qué hora sale el sol?"
"weather","sunrise","¿cuándo será el amanecer?"
"weather","sunrise","dime la hora de la salida del sol de mañana."
"weather","sunrise","¿cuándo se espera el alba?"
"weather","sunrise","¿me puedes decir el horario de la salida del sol de la semana?"
"weather","sunrise","¿cuándo saldrá el sol?"
"weather","sunrise","¿cuándo amanece hoy?"
"weather","sunrise","dime la hora exacta en la que empieza a haber luz"
"weather","sunrise","¿a qué hora aparece el primer rayo de sol?"
"weather","sunrise","¿podrías avisarme cuando salga el sol?"
"weather","sunrise","¿cuándo empieza a amanecer antes?"
"weather","sunrise","¿a qué hora el sol dirá hola mañana?"
"weather","sunrise","¿a qué hora veré salir el primer rayo de sol por la mañana?"
"weather","sunrise","¿a qué hora el sol me abrazará con sus rayos mañana?"
"weather","sunrise","¿me puedes decir la hora que saldrá el sol mañana?"
"weather","sunrise","he quedado con un amigo a la salida del sol mañana para correr, ¿qué hora será?"
"weather","sunrise","mañana, ¿a qué hora saldrá el sol?"
"weather","sunrise","¿sabes cuándo se levanta el sol?"
"weather","sunrise","¿a qué hora se hace de día?"
"weather","sunrise","hoy, ¿cuándo tendremos los primeros rayos de sol?"
"weather","sunrise","¿a qué hora empezó el día ayer?"
"weather","sunset","¿a qué hora será el crepúsculo la noche de San Juan?"
"weather","sunset","¿cuándo se esconderá el sol el día dos?"
"weather","sunset","necesito el horario de la caída del sol para mañana."
"weather","sunset","dime la hora exacta de la puesta de sol en Badalona."
"weather","sunset","¿cuándo se espera el ocaso?"
"weather","sunset","¿tienes idea de la hora del crepúsculo?"
"weather","sunset","¿a qué hora anochece?"
"weather","sunset","¿cuándo empieza a oscurecer?"
"weather","sunset","¿en qué momento se puede admirar la puesta de sol?"
"weather","sunset","¿cuándo cae el sol en agosto?"
"weather","sunset","quiero saber la hora exacta del atardecer en Honolulu"
"weather","sunset","¿hoy a qué hora el sol dirá adiós?"
"weather","sunset","¿a qué hora se irá a dormir el sol esta noche?"
"weather","sunset","¿mañana a qué hora será el crepúsculo?"
"weather","sunset","¿a qué hora mañana me quedaré sin sol?"
"weather","sunset","¿a qué hora ya no habrá la luz del sol por las calles hoy?"
"weather","sunset","¿cuándo se va el sol?"
"weather","sunset","¿a qué hora se hace de noche?"
"weather","sunset","mañana, ¿cuándo se hará de noche?"
"weather","sunset","¿puedes decirme a qué hora se va a dormir el sol hoy?"
"weather","sunset","¿a qué hora se fue el sol ayer?"
"wikipedia","common_query","búscame información sobre los caracoles"
"wikipedia","common_query","¿qué sabes de biología?"
"wikipedia","common_query","necesito informarme sobre el cambio climático."
"wikipedia","common_query","¿tienes información sobre eclipses?"
"wikipedia","common_query","cuéntame algo sobre historia de Roma."
"wikipedia","wiki.intent","¿qué dice la Wikipedia sobre Don Quijote?"
"wikipedia","wiki.intent","léeme el artículo de Wikipedia sobre dinosaurios."
"wikipedia","common_query","explícame qué es la fotosíntesis."
"wikipedia","common_query","aclárame qué son los huesos."
"wikipedia","common_query","quiero saber qué son exactamente las liebres de mar"
"wikipedia","common_query","dime cuándo se producirá el solsiticio de verano este año"
"wikipedia","wiki.intent","¿podrías buscar en la wikipedia información sobre la caza de brujas en Europa?"
"wikipedia","common_query","explícame todo lo que sepas sobre la cultura maorí"
"wikipedia","common_query","quiero que me hagas un resumen sobre la llegada de Colón a América"
"wikipedia","common_query","me molaría aprender sobre mitología nórdica. ¿Qué sabes del tema?"
"wikipedia","common_query","consulta cómo se crearon las estaciones y por qué son cuatro"
"wikipedia","common_query","tengo mucha curiosidad por que me cuentes sobre el ornitorrinco"
"wikipedia","common_query","tengo que hacer un trabajo sobre el procesamiento del lenguaje natural"
"wikipedia","common_query","¿me puedes explicar qué es el cáncer de colon?"
"wikipedia","common_query","necesito info sobre el presidente de españa actual"
"wikipedia","common_query","¿qué sabes del planeta saturno?"
"wikipedia","common_query","si eres tan amable, ¿me puedes pasar información sobre la ciudad de Madrid?"
"wikipedia","common_query","¿qué quiere decir que tengo hipertensión?"
"wikipedia","common_query","¿me puedes explicar la historia de Andorra?"
"wikipedia","common_query","no entiendo qué es la ley de Newton"
"wikipedia","common_query","dime lo que sepas sobre la fiesta nacional de la cerveza"
"wikipedia","common_query","cuéntame sobre la primera guerra mundial"
"wikipedia","common_query","¿qué es la fotosíntesis?"
"wikipedia","common_query","léeme el artículo sobre los pingüinos emperador"
"wikipedia","common_query","¿qué sabes sobre la edad del cobre?"
"wikipedia","common_query","información sobre el hinojo"
"wikipedia","common_query","¿qué es el BSC?"
"wikipedia","common_query","¿qué narices es el poliamor?"
"wikipedia","wikiroulette.intent","léeme algo de la wikipedia"
"wikipedia","wikiroulette.intent","dame información sobre cualquier tema"
"wikipedia","wikiroulette.intent","explícame algo"
"wikipedia","wikiroulette.intent","lee alguna entrada de wikipedia"
"wikipedia","wikiroulette.intent","cuéntame alguna información rándom"
"wikipedia","wikiroulette.intent","busca cualquier chorrada en wikipedia"
"wikipedia","wikiroulette.intent","háblame sobre algún artículo de wikipedia que te llame la atención"
"wikipedia","wikiroulette.intent","busca alguna publicación random de wikipedia"
"wikipedia","wikiroulette.intent","te doy vía libre para que busques lo que te apetezca"
"wikipedia","wikiroulette.intent","¿hay algo en wikipedia que te interese?"
"wikipedia","wikiroulette.intent","quiero que busques información sobre algún tema raro"
"wikipedia","wikiroulette.intent","estoy aburrida, ¿me puedes enviar un artículo de la Wikipedia?"
"wikipedia","wikiroulette.intent","quiero que me sorprendas con un artículo interesante de la Wikipedia"
"wikipedia","wikiroulette.intent","por favor, ¿me puedes leer algo interesante de la Wikipedia?"
"wikipedia","wikiroulette.intent","envíame un artículo random de la Wiki"
"wikipedia","wikiroulette.intent","pásame el artículo más leído de la wikipedia"
"wikipedia","wikiroulette.intent","lee un artículo aleatorio"
"wikipedia","wikiroulette.intent","¿cuál es la curiosidad del día?"
"wikipedia","wikiroulette.intent","elige algun artículo de la wikipedia al azar y explícamelo"
"wikipedia","wikiroulette.intent","cuéntame un artículo random"
"wikipedia","wikiroulette.intent","artículo al azar"
